,Data,Hs Reanalysis Value,Hs Predict Value
0,2019-01-29 17:00:00,1.1956623,1.2039958238601685
1,2019-01-29 18:00:00,1.1859391,1.202618956565857
2,2019-01-29 19:00:00,1.1750026,1.184520959854126
3,2019-01-29 20:00:00,1.1623591,1.1483875513076782
4,2019-01-29 21:00:00,1.1504633,1.1669541597366333
5,2019-01-29 22:00:00,1.1405709,1.1640976667404175
6,2019-01-29 23:00:00,1.1512759,1.1490737199783325
7,2019-01-30 00:00:00,1.1756067,1.141585350036621
8,2019-01-30 01:00:00,1.1718612,1.13044011592865
9,2019-01-30 02:00:00,1.152314,1.1345919370651245
10,2019-01-30 03:00:00,1.1341755,1.1285511255264282
11,2019-01-30 04:00:00,1.1322289,1.1540982723236084
12,2019-01-30 05:00:00,1.1734619,1.1709388494491577
13,2019-01-30 06:00:00,1.2016771,1.147412657737732
14,2019-01-30 07:00:00,1.2401597,1.1664988994598389
15,2019-01-30 08:00:00,1.2773755,1.2226345539093018
16,2019-01-30 09:00:00,1.2982624,1.2186914682388306
17,2019-01-30 10:00:00,1.230216,1.1940828561782837
18,2019-01-30 11:00:00,1.2026464,1.2260068655014038
19,2019-01-30 12:00:00,1.1784394,1.2632986307144165
20,2019-01-30 13:00:00,1.1650064,1.2878795862197876
21,2019-01-30 14:00:00,1.1540661,1.3041175603866577
22,2019-01-30 15:00:00,1.0925008,1.2859033346176147
23,2019-01-30 16:00:00,1.0660442,1.1529074907302856
24,2019-01-30 17:00:00,1.0323457,1.0899633169174194
25,2019-01-30 18:00:00,0.9988215,1.0725009441375732
26,2019-01-30 19:00:00,0.96956706,1.0527094602584839
27,2019-01-30 20:00:00,0.94520074,1.0091568231582642
28,2019-01-30 21:00:00,1.0650909,0.9135187268257141
29,2019-01-30 22:00:00,1.0489372,0.9261723756790161
30,2019-01-30 23:00:00,1.0386033,0.941125750541687
31,2019-01-31 00:00:00,1.0307347,0.9293531775474548
32,2019-01-31 01:00:00,1.0224001,0.9214870929718018
33,2019-01-31 02:00:00,1.0113885,0.9175207018852234
34,2019-01-31 03:00:00,0.99978006,1.0716289281845093
35,2019-01-31 04:00:00,0.98931015,1.0948060750961304
36,2019-01-31 05:00:00,0.9555029,1.0118420124053955
37,2019-01-31 06:00:00,0.95071834,1.0033748149871826
38,2019-01-31 07:00:00,0.9402725,1.0007054805755615
39,2019-01-31 08:00:00,0.92862725,0.9909449815750122
40,2019-01-31 09:00:00,0.9171327,0.9719813466072083
41,2019-01-31 10:00:00,0.9075173,0.9609697461128235
42,2019-01-31 11:00:00,0.9033165,0.9172656536102295
43,2019-01-31 12:00:00,0.89644283,0.9220613241195679
44,2019-01-31 13:00:00,0.888499,0.9247204661369324
45,2019-01-31 14:00:00,0.88155586,0.9281104803085327
46,2019-01-31 15:00:00,0.8751792,0.9276649951934814
47,2019-01-31 16:00:00,0.87093425,0.9385374188423157
48,2019-01-31 17:00:00,0.8732096,0.9403607845306396
49,2019-01-31 18:00:00,0.88545305,0.93714439868927
50,2019-01-31 19:00:00,0.90483385,0.9357824921607971
51,2019-01-31 20:00:00,0.9360664,0.9263534545898438
52,2019-01-31 21:00:00,0.95014215,0.9134648442268372
53,2019-01-31 22:00:00,0.9419527,0.944403350353241
54,2019-01-31 23:00:00,0.93589735,1.0049737691879272
55,2019-02-01 00:00:00,0.93064266,1.086829423904419
56,2019-02-01 01:00:00,0.9261356,1.0622403621673584
57,2019-02-01 02:00:00,0.922184,1.0189770460128784
58,2019-02-01 03:00:00,0.91968,1.0590711832046509
59,2019-02-01 04:00:00,0.9162346,1.0453509092330933
60,2019-02-01 05:00:00,0.9129748,1.0049926042556763
61,2019-02-01 06:00:00,0.9102054,0.9742274284362793
62,2019-02-01 07:00:00,0.90805775,1.0061848163604736
63,2019-02-01 08:00:00,0.9068765,1.0058724880218506
64,2019-02-01 09:00:00,0.9059607,0.9690412878990173
65,2019-02-01 10:00:00,0.9025556,0.964764416217804
66,2019-02-01 11:00:00,0.90232,1.0091567039489746
67,2019-02-01 12:00:00,0.905096,1.0278748273849487
68,2019-02-01 13:00:00,0.90736437,0.9853041768074036
69,2019-02-01 14:00:00,0.9093482,0.9872347712516785
70,2019-02-01 15:00:00,0.9125367,0.9567061066627502
71,2019-02-01 16:00:00,0.91539174,0.9550970196723938
72,2019-02-01 17:00:00,0.91935664,0.9506254196166992
73,2019-02-01 18:00:00,0.9238802,0.9618200063705444
74,2019-02-01 19:00:00,0.9279816,0.964202880859375
75,2019-02-01 20:00:00,0.9337729,0.9684720039367676
76,2019-02-01 21:00:00,0.9432482,0.9806550145149231
77,2019-02-01 22:00:00,0.95257664,0.9767999053001404
78,2019-02-01 23:00:00,0.9649577,0.9799792170524597
79,2019-02-02 00:00:00,0.9804517,0.9818304181098938
80,2019-02-02 01:00:00,1.0019058,0.9849083423614502
81,2019-02-02 02:00:00,1.0282671,0.9838672876358032
82,2019-02-02 03:00:00,1.0592973,0.9889011383056641
83,2019-02-02 04:00:00,1.0988333,1.0176374912261963
84,2019-02-02 05:00:00,1.1419034,1.0410581827163696
85,2019-02-02 06:00:00,1.1459547,1.0649545192718506
86,2019-02-02 07:00:00,1.16303,1.078629970550537
87,2019-02-02 08:00:00,1.1705955,1.1153419017791748
88,2019-02-02 09:00:00,1.176453,1.188982367515564
89,2019-02-02 10:00:00,1.126761,1.2353293895721436
90,2019-02-02 11:00:00,1.1322942,1.2588231563568115
91,2019-02-02 12:00:00,1.1391227,1.1800286769866943
92,2019-02-02 13:00:00,1.1504188,1.191088318824768
93,2019-02-02 14:00:00,1.1634848,1.1996606588363647
94,2019-02-02 15:00:00,1.1852231,1.1971163749694824
95,2019-02-02 16:00:00,1.2093818,1.0887247323989868
96,2019-02-02 17:00:00,1.2285895,1.1429378986358643
97,2019-02-02 18:00:00,1.2377551,1.1846073865890503
98,2019-02-02 19:00:00,1.2906673,1.1804319620132446
99,2019-02-02 20:00:00,1.373077,1.240488052368164
100,2019-02-02 21:00:00,1.3860359,1.306707501411438
101,2019-02-02 22:00:00,1.5857992,1.5248348712921143
102,2019-02-02 23:00:00,1.8247819,1.4479670524597168
103,2019-02-03 00:00:00,1.9880525,1.586212396621704
104,2019-02-03 01:00:00,2.0642495,1.7016645669937134
105,2019-02-03 02:00:00,2.0859652,1.9796100854873657
106,2019-02-03 03:00:00,2.0807924,2.0301148891448975
107,2019-02-03 04:00:00,2.0324311,2.4215800762176514
108,2019-02-03 05:00:00,2.0163155,2.4432263374328613
109,2019-02-03 06:00:00,2.010447,2.3947904109954834
110,2019-02-03 07:00:00,2.0270512,2.2777724266052246
111,2019-02-03 08:00:00,2.0739458,2.1870954036712646
112,2019-02-03 09:00:00,2.126192,2.0895323753356934
113,2019-02-03 10:00:00,2.1672692,2.006373405456543
114,2019-02-03 11:00:00,2.2108934,2.0565028190612793
115,2019-02-03 12:00:00,2.239013,2.144922971725464
116,2019-02-03 13:00:00,2.255011,2.264829158782959
117,2019-02-03 14:00:00,2.3332057,2.326307773590088
118,2019-02-03 15:00:00,2.3314905,2.337751865386963
119,2019-02-03 16:00:00,2.3219543,2.3263802528381348
120,2019-02-03 17:00:00,2.3108253,2.410283088684082
121,2019-02-03 18:00:00,2.2999084,2.3792903423309326
122,2019-02-03 19:00:00,2.298122,2.337223529815674
123,2019-02-03 20:00:00,2.300389,2.4115102291107178
124,2019-02-03 21:00:00,2.3024836,2.3834102153778076
125,2019-02-03 22:00:00,2.3048306,2.3970115184783936
126,2019-02-03 23:00:00,2.300874,2.3720552921295166
127,2019-02-04 00:00:00,2.2919245,2.3507792949676514
128,2019-02-04 01:00:00,2.281232,2.344846725463867
129,2019-02-04 02:00:00,2.2685351,2.3652777671813965
130,2019-02-04 03:00:00,2.2500906,2.325417995452881
131,2019-02-04 04:00:00,2.311345,2.3211817741394043
132,2019-02-04 05:00:00,2.2920299,2.2786061763763428
133,2019-02-04 06:00:00,2.271809,2.234001398086548
134,2019-02-04 07:00:00,2.2396855,2.223250150680542
135,2019-02-04 08:00:00,2.2046733,2.1971185207366943
136,2019-02-04 09:00:00,2.1690772,2.181051254272461
137,2019-02-04 10:00:00,2.1313558,2.2564797401428223
138,2019-02-04 11:00:00,2.0954678,2.185163974761963
139,2019-02-04 12:00:00,2.0613382,2.1330058574676514
140,2019-02-04 13:00:00,2.0287814,2.1061854362487793
141,2019-02-04 14:00:00,1.9974754,2.075242280960083
142,2019-02-04 15:00:00,1.96452,2.0529744625091553
143,2019-02-04 16:00:00,1.9296535,2.032586097717285
144,2019-02-04 17:00:00,1.898593,1.9968208074569702
145,2019-02-04 18:00:00,1.9163964,1.9568873643875122
146,2019-02-04 19:00:00,1.8920195,1.9024429321289062
147,2019-02-04 20:00:00,1.865694,1.859133005142212
148,2019-02-04 21:00:00,1.835931,1.8352006673812866
149,2019-02-04 22:00:00,1.8115225,1.8155814409255981
150,2019-02-04 23:00:00,1.7984989,1.7905272245407104
151,2019-02-05 00:00:00,1.7830771,1.865068793296814
152,2019-02-05 01:00:00,1.7519333,1.758949875831604
153,2019-02-05 02:00:00,1.7091773,1.7139918804168701
154,2019-02-05 03:00:00,1.6647148,1.71065354347229
155,2019-02-05 04:00:00,1.623462,1.7597190141677856
156,2019-02-05 05:00:00,1.5863216,1.7602777481079102
157,2019-02-05 06:00:00,1.5567759,1.6514899730682373
158,2019-02-05 07:00:00,1.5360188,1.594321608543396
159,2019-02-05 08:00:00,1.5257971,1.5126173496246338
160,2019-02-05 09:00:00,1.5273147,1.461761713027954
161,2019-02-05 10:00:00,1.5434082,1.447952389717102
162,2019-02-05 11:00:00,1.5751206,1.4674813747406006
163,2019-02-05 12:00:00,1.613432,1.4683997631072998
164,2019-02-05 13:00:00,1.657368,1.49559485912323
165,2019-02-05 14:00:00,1.7060254,1.5393658876419067
166,2019-02-05 15:00:00,1.7590089,1.6047052145004272
167,2019-02-05 16:00:00,1.8126979,1.682523250579834
168,2019-02-05 17:00:00,1.8613145,1.7711641788482666
169,2019-02-05 18:00:00,1.9048197,1.828183889389038
170,2019-02-05 19:00:00,1.9443822,1.865477442741394
171,2019-02-05 20:00:00,1.9803729,1.9111590385437012
172,2019-02-05 21:00:00,2.012982,1.9796849489212036
173,2019-02-05 22:00:00,2.0412858,2.052807331085205
174,2019-02-05 23:00:00,2.0641868,2.0980331897735596
175,2019-02-06 00:00:00,2.0815005,2.110548496246338
176,2019-02-06 01:00:00,2.09306,2.1323611736297607
177,2019-02-06 02:00:00,2.101444,2.148197889328003
178,2019-02-06 03:00:00,2.1072676,2.1853489875793457
179,2019-02-06 04:00:00,2.1071036,2.1970953941345215
180,2019-02-06 05:00:00,2.1008587,2.1728765964508057
181,2019-02-06 06:00:00,2.0916724,2.1276142597198486
182,2019-02-06 07:00:00,2.0811334,2.113030433654785
183,2019-02-06 08:00:00,2.0691018,2.1114583015441895
184,2019-02-06 09:00:00,2.0550804,2.1204822063446045
185,2019-02-06 10:00:00,2.0350037,2.1191794872283936
186,2019-02-06 11:00:00,2.0173,2.087885618209839
187,2019-02-06 12:00:00,1.9999967,2.0971195697784424
188,2019-02-06 13:00:00,1.9828377,2.071974992752075
189,2019-02-06 14:00:00,1.9675839,2.071948528289795
190,2019-02-06 15:00:00,1.954304,2.0348386764526367
191,2019-02-06 16:00:00,1.9436202,1.9998362064361572
192,2019-02-06 17:00:00,1.9341226,2.0150980949401855
193,2019-02-06 18:00:00,1.9382362,1.9548068046569824
194,2019-02-06 19:00:00,1.9268049,1.9374141693115234
195,2019-02-06 20:00:00,1.914598,1.950073003768921
196,2019-02-06 21:00:00,1.9055332,1.9190460443496704
197,2019-02-06 22:00:00,1.9010377,1.9118739366531372
198,2019-02-06 23:00:00,1.8958094,1.913273572921753
199,2019-02-07 00:00:00,1.8828514,1.9370230436325073
200,2019-02-07 01:00:00,1.8637375,1.8894020318984985
201,2019-02-07 02:00:00,1.8429706,1.875516653060913
202,2019-02-07 03:00:00,1.8010064,1.930845856666565
203,2019-02-07 04:00:00,1.7807578,1.9301611185073853
204,2019-02-07 05:00:00,1.756677,1.9125657081604004
205,2019-02-07 06:00:00,1.7302301,1.8353914022445679
206,2019-02-07 07:00:00,1.703102,1.7856990098953247
207,2019-02-07 08:00:00,1.6758077,1.7602030038833618
208,2019-02-07 09:00:00,1.6477795,1.7025105953216553
209,2019-02-07 10:00:00,1.618783,1.698181390762329
210,2019-02-07 11:00:00,1.5943773,1.6860734224319458
211,2019-02-07 12:00:00,1.5725455,1.6716678142547607
212,2019-02-07 13:00:00,1.5134008,1.6512442827224731
213,2019-02-07 14:00:00,1.4896829,1.6106317043304443
214,2019-02-07 15:00:00,1.4640415,1.5756901502609253
215,2019-02-07 16:00:00,1.4378043,1.5781755447387695
216,2019-02-07 17:00:00,1.4120922,1.5232353210449219
217,2019-02-07 18:00:00,1.3871083,1.4919912815093994
218,2019-02-07 19:00:00,1.3627203,1.3928459882736206
219,2019-02-07 20:00:00,1.3391625,1.3611489534378052
220,2019-02-07 21:00:00,1.3179109,1.3400903940200806
221,2019-02-07 22:00:00,1.2958586,1.3193178176879883
222,2019-02-07 23:00:00,1.2800422,1.3182084560394287
223,2019-02-08 00:00:00,1.2679187,1.318203091621399
224,2019-02-08 01:00:00,1.2589262,1.29902184009552
225,2019-02-08 02:00:00,1.2507123,1.2811057567596436
226,2019-02-08 03:00:00,1.2436802,1.2710305452346802
227,2019-02-08 04:00:00,1.1494024,1.255551815032959
228,2019-02-08 05:00:00,1.1402225,1.2329058647155762
229,2019-02-08 06:00:00,1.1215354,1.234553575515747
230,2019-02-08 07:00:00,1.094759,1.2146774530410767
231,2019-02-08 08:00:00,1.068546,1.2086511850357056
232,2019-02-08 09:00:00,1.0460961,1.202695608139038
233,2019-02-08 10:00:00,1.0285738,1.111152172088623
234,2019-02-08 11:00:00,1.011846,1.0884889364242554
235,2019-02-08 12:00:00,0.9955617,1.0658297538757324
236,2019-02-08 13:00:00,1.0257957,1.0352891683578491
237,2019-02-08 14:00:00,1.0103229,1.0285968780517578
238,2019-02-08 15:00:00,0.99560785,0.9872562885284424
239,2019-02-08 16:00:00,0.9794653,0.985937237739563
240,2019-02-08 17:00:00,0.96416247,0.9666877388954163
241,2019-02-08 18:00:00,0.9370439,0.9678523540496826
242,2019-02-08 19:00:00,0.919828,1.0688724517822266
243,2019-02-08 20:00:00,0.9030631,1.0443741083145142
244,2019-02-08 21:00:00,0.8873328,0.9928979873657227
245,2019-02-08 22:00:00,0.8749914,0.9751955270767212
246,2019-02-08 23:00:00,0.86681145,0.9733192324638367
247,2019-02-09 00:00:00,0.86077845,0.9409327507019043
248,2019-02-09 01:00:00,0.86113554,0.929212212562561
249,2019-02-09 02:00:00,0.868338,0.9230337738990784
250,2019-02-09 03:00:00,0.8846261,0.9011334180831909
251,2019-02-09 04:00:00,0.91220015,0.9407495856285095
252,2019-02-09 05:00:00,0.94953656,0.9501814246177673
253,2019-02-09 06:00:00,0.98656183,0.9241898655891418
254,2019-02-09 07:00:00,1.0152543,0.9515350461006165
255,2019-02-09 08:00:00,1.0467198,0.9827350974082947
256,2019-02-09 09:00:00,1.0860007,1.0406030416488647
257,2019-02-09 10:00:00,1.1014591,1.1258294582366943
258,2019-02-09 11:00:00,1.1300958,1.146207571029663
259,2019-02-09 12:00:00,1.1741052,1.1526517868041992
260,2019-02-09 13:00:00,1.208757,1.1724387407302856
261,2019-02-09 14:00:00,1.2176182,1.1703544855117798
262,2019-02-09 15:00:00,1.2114942,1.2049219608306885
263,2019-02-09 16:00:00,1.2019876,1.2132568359375
264,2019-02-09 17:00:00,1.1939294,1.2306767702102661
265,2019-02-09 18:00:00,1.1887153,1.2811700105667114
266,2019-02-09 19:00:00,1.1914864,1.2968429327011108
267,2019-02-09 20:00:00,1.2029653,1.2804510593414307
268,2019-02-09 21:00:00,1.2209864,1.279449462890625
269,2019-02-09 22:00:00,1.2497671,1.2677472829818726
270,2019-02-09 23:00:00,1.2937675,1.2489930391311646
271,2019-02-10 00:00:00,1.3505982,1.2651077508926392
272,2019-02-10 01:00:00,1.4128356,1.3277426958084106
273,2019-02-10 02:00:00,1.4757047,1.3680064678192139
274,2019-02-10 03:00:00,1.5570043,1.4189726114273071
275,2019-02-10 04:00:00,1.6518154,1.5535311698913574
276,2019-02-10 05:00:00,1.7396734,1.6748771667480469
277,2019-02-10 06:00:00,1.8150616,1.755690574645996
278,2019-02-10 07:00:00,1.9062343,1.7917194366455078
279,2019-02-10 08:00:00,2.0139651,1.8781054019927979
280,2019-02-10 09:00:00,2.1283069,1.9741758108139038
281,2019-02-10 10:00:00,2.1984632,2.010894298553467
282,2019-02-10 11:00:00,2.23968,1.9352401494979858
283,2019-02-10 12:00:00,2.2767162,1.9464373588562012
284,2019-02-10 13:00:00,2.298081,2.0313000679016113
285,2019-02-10 14:00:00,2.3053567,2.1610653400421143
286,2019-02-10 15:00:00,2.2870393,2.1877570152282715
287,2019-02-10 16:00:00,2.2454739,2.102717399597168
288,2019-02-10 17:00:00,2.2261736,2.092491388320923
289,2019-02-10 18:00:00,2.133821,2.1473114490509033
290,2019-02-10 19:00:00,2.0170705,2.098965644836426
291,2019-02-10 20:00:00,1.9137474,2.0444226264953613
292,2019-02-10 21:00:00,1.832672,2.0450730323791504
293,2019-02-10 22:00:00,1.7878574,1.8767130374908447
294,2019-02-10 23:00:00,1.7325544,1.7027335166931152
295,2019-02-11 00:00:00,1.681869,1.674954891204834
296,2019-02-11 01:00:00,1.6771924,1.608277440071106
297,2019-02-11 02:00:00,1.7023789,1.5914820432662964
298,2019-02-11 03:00:00,1.7918935,1.543050765991211
299,2019-02-11 04:00:00,1.9026551,1.606317400932312
300,2019-02-11 05:00:00,1.9944756,1.5470502376556396
301,2019-02-11 06:00:00,2.060983,1.7155978679656982
302,2019-02-11 07:00:00,2.1342366,2.138181447982788
303,2019-02-11 08:00:00,2.1614368,2.3375840187072754
304,2019-02-11 09:00:00,2.1546414,2.400128126144409
305,2019-02-11 10:00:00,2.0260108,2.2511045932769775
306,2019-02-11 11:00:00,1.9516981,2.0317368507385254
307,2019-02-11 12:00:00,1.8936719,2.1441946029663086
308,2019-02-11 13:00:00,1.8778048,2.159842014312744
309,2019-02-11 14:00:00,1.9078884,2.0275566577911377
310,2019-02-11 15:00:00,1.9099193,1.9989559650421143
311,2019-02-11 16:00:00,1.8682915,1.7800142765045166
312,2019-02-11 17:00:00,1.8352864,1.7726352214813232
313,2019-02-11 18:00:00,1.7924814,1.625588059425354
314,2019-02-11 19:00:00,1.740624,1.6674555540084839
315,2019-02-11 20:00:00,1.6932127,1.6436041593551636
316,2019-02-11 21:00:00,1.6717255,1.6405178308486938
317,2019-02-11 22:00:00,1.5997565,1.6072739362716675
318,2019-02-11 23:00:00,1.5520691,1.6171987056732178
319,2019-02-12 00:00:00,1.5299023,1.6025645732879639
320,2019-02-12 01:00:00,1.5088377,1.6067173480987549
321,2019-02-12 02:00:00,1.4961565,1.6065915822982788
322,2019-02-12 03:00:00,1.7093894,1.6105217933654785
323,2019-02-12 04:00:00,1.7652743,1.436274766921997
324,2019-02-12 05:00:00,1.8143308,1.425855278968811
325,2019-02-12 06:00:00,1.8447472,1.3860740661621094
326,2019-02-12 07:00:00,1.9076564,1.3623871803283691
327,2019-02-12 08:00:00,1.9684021,1.555624008178711
328,2019-02-12 09:00:00,2.002333,2.229614019393921
329,2019-02-12 10:00:00,2.067648,2.0565402507781982
330,2019-02-12 11:00:00,2.1267138,2.2083263397216797
331,2019-02-12 12:00:00,2.0298147,2.3629677295684814
332,2019-02-12 13:00:00,2.1958601,2.110292434692383
333,2019-02-12 14:00:00,2.3731775,2.2348225116729736
334,2019-02-12 15:00:00,2.5217159,2.1940042972564697
335,2019-02-12 16:00:00,2.6281002,2.007321834564209
336,2019-02-12 17:00:00,2.7863626,2.322615385055542
337,2019-02-12 18:00:00,2.868851,2.5478169918060303
338,2019-02-12 19:00:00,2.9645452,3.281632423400879
339,2019-02-12 20:00:00,3.036787,3.081284999847412
340,2019-02-12 21:00:00,3.1903896,2.857368230819702
341,2019-02-12 22:00:00,3.1566029,2.893548011779785
342,2019-02-12 23:00:00,3.1306078,3.10083270072937
343,2019-02-13 00:00:00,3.0944662,3.2524819374084473
344,2019-02-13 01:00:00,3.047686,3.164437770843506
345,2019-02-13 02:00:00,2.992402,3.125478506088257
346,2019-02-13 03:00:00,2.985733,3.2575340270996094
347,2019-02-13 04:00:00,2.942207,3.0591342449188232
348,2019-02-13 05:00:00,2.8978052,2.949578046798706
349,2019-02-13 06:00:00,2.8462024,2.876774787902832
350,2019-02-13 07:00:00,2.7941566,2.7998945713043213
351,2019-02-13 08:00:00,2.7396753,2.787038564682007
352,2019-02-13 09:00:00,2.6890523,2.87581729888916
353,2019-02-13 10:00:00,2.6445029,2.8510165214538574
354,2019-02-13 11:00:00,2.6098907,2.7486367225646973
355,2019-02-13 12:00:00,2.5828214,2.6491448879241943
356,2019-02-13 13:00:00,2.5605705,2.5758848190307617
357,2019-02-13 14:00:00,2.5408278,2.5031898021698
358,2019-02-13 15:00:00,2.5226996,2.4935762882232666
359,2019-02-13 16:00:00,2.5051064,2.4814252853393555
360,2019-02-13 17:00:00,2.487981,2.472435712814331
361,2019-02-13 18:00:00,2.4712572,2.465134382247925
362,2019-02-13 19:00:00,2.4547558,2.4641401767730713
363,2019-02-13 20:00:00,2.4387417,2.4591481685638428
364,2019-02-13 21:00:00,2.422195,2.438309907913208
365,2019-02-13 22:00:00,2.405297,2.41349196434021
366,2019-02-13 23:00:00,2.39108,2.3977832794189453
367,2019-02-14 00:00:00,2.3778625,2.389918804168701
368,2019-02-14 01:00:00,2.362959,2.413128137588501
369,2019-02-14 02:00:00,2.3438807,2.408174753189087
370,2019-02-14 03:00:00,2.321249,2.371917724609375
371,2019-02-14 04:00:00,2.2955923,2.3651509284973145
372,2019-02-14 05:00:00,2.2694004,2.348630428314209
373,2019-02-14 06:00:00,2.2443042,2.316572427749634
374,2019-02-14 07:00:00,2.218305,2.2731127738952637
375,2019-02-14 08:00:00,2.1906002,2.238473415374756
376,2019-02-14 09:00:00,2.1602194,2.2068941593170166
377,2019-02-14 10:00:00,2.1254587,2.180985927581787
378,2019-02-14 11:00:00,2.0934842,2.135711431503296
379,2019-02-14 12:00:00,2.0617645,2.1299610137939453
380,2019-02-14 13:00:00,2.0326083,2.0809621810913086
381,2019-02-14 14:00:00,2.0067415,2.0692617893218994
382,2019-02-14 15:00:00,1.9824374,2.0410804748535156
383,2019-02-14 16:00:00,1.9587018,2.0465247631073
384,2019-02-14 17:00:00,1.8728356,2.04868221282959
385,2019-02-14 18:00:00,1.8508251,1.9864190816879272
386,2019-02-14 19:00:00,1.8314993,1.9525080919265747
387,2019-02-14 20:00:00,1.8155928,1.9153467416763306
388,2019-02-14 21:00:00,1.8091264,1.8757634162902832
389,2019-02-14 22:00:00,1.7965016,1.8931387662887573
390,2019-02-14 23:00:00,1.7991142,1.7361263036727905
391,2019-02-15 00:00:00,1.8320488,1.796069860458374
392,2019-02-15 01:00:00,1.8904591,1.9341473579406738
393,2019-02-15 02:00:00,1.9123771,1.923175573348999
394,2019-02-15 03:00:00,1.9272066,1.9605227708816528
395,2019-02-15 04:00:00,1.9438827,1.8265986442565918
396,2019-02-15 05:00:00,1.9647739,1.9662327766418457
397,2019-02-15 06:00:00,1.9719024,2.029771566390991
398,2019-02-15 07:00:00,1.9600705,1.961235523223877
399,2019-02-15 08:00:00,1.9392776,2.008578300476074
400,2019-02-15 09:00:00,1.92677,2.0100345611572266
401,2019-02-15 10:00:00,1.8978951,2.1118221282958984
402,2019-02-15 11:00:00,1.903388,2.076303005218506
403,2019-02-15 12:00:00,1.8977365,2.0252134799957275
404,2019-02-15 13:00:00,1.8734945,1.9998277425765991
405,2019-02-15 14:00:00,1.8469553,2.00905442237854
406,2019-02-15 15:00:00,1.8232117,2.0213046073913574
407,2019-02-15 16:00:00,1.798301,1.866477131843567
408,2019-02-15 17:00:00,1.7645032,2.0018937587738037
409,2019-02-15 18:00:00,1.7339193,2.0222625732421875
410,2019-02-15 19:00:00,1.7091303,1.8587377071380615
411,2019-02-15 20:00:00,1.6878474,1.798612356185913
412,2019-02-15 21:00:00,1.6754589,1.7527989149093628
413,2019-02-15 22:00:00,1.675725,1.6902257204055786
414,2019-02-15 23:00:00,1.6911094,1.7013630867004395
415,2019-02-16 00:00:00,1.7037613,1.7859724760055542
416,2019-02-16 01:00:00,1.7040501,1.7036182880401611
417,2019-02-16 02:00:00,1.6177132,1.6884194612503052
418,2019-02-16 03:00:00,1.613121,1.7482929229736328
419,2019-02-16 04:00:00,1.610625,1.7339982986450195
420,2019-02-16 05:00:00,1.440803,1.7038581371307373
421,2019-02-16 06:00:00,1.4658549,1.7080334424972534
422,2019-02-16 07:00:00,1.4989979,1.703368067741394
423,2019-02-16 08:00:00,1.5270468,1.57720947265625
424,2019-02-16 09:00:00,1.5427148,1.602781057357788
425,2019-02-16 10:00:00,1.5423849,1.7049540281295776
426,2019-02-16 11:00:00,1.5448081,1.5287591218948364
427,2019-02-16 12:00:00,1.5120981,1.525469422340393
428,2019-02-16 13:00:00,1.5340652,1.618240475654602
429,2019-02-16 14:00:00,1.5620329,1.559843897819519
430,2019-02-16 15:00:00,1.5951335,1.569342851638794
431,2019-02-16 16:00:00,1.6290447,1.6285868883132935
432,2019-02-16 17:00:00,1.6137028,1.6393417119979858
433,2019-02-16 18:00:00,1.6512749,1.5943565368652344
434,2019-02-16 19:00:00,1.6937491,1.6469117403030396
435,2019-02-16 20:00:00,1.7330468,1.699493408203125
436,2019-02-16 21:00:00,1.7640942,1.6715806722640991
437,2019-02-16 22:00:00,1.7890856,1.6973609924316406
438,2019-02-16 23:00:00,1.8080866,1.6752128601074219
439,2019-02-17 00:00:00,1.826082,1.7729331254959106
440,2019-02-17 01:00:00,1.8453556,1.7871880531311035
441,2019-02-17 02:00:00,1.869782,1.8152755498886108
442,2019-02-17 03:00:00,1.8757112,1.851965069770813
443,2019-02-17 04:00:00,1.8548993,1.901489019393921
444,2019-02-17 05:00:00,1.8163056,1.8575947284698486
445,2019-02-17 06:00:00,1.775284,1.9323898553848267
446,2019-02-17 07:00:00,1.7469561,1.9488149881362915
447,2019-02-17 08:00:00,1.7354863,1.8965117931365967
448,2019-02-17 09:00:00,1.7391553,1.789595603942871
449,2019-02-17 10:00:00,1.7563236,1.7404189109802246
450,2019-02-17 11:00:00,1.7616148,1.7188470363616943
451,2019-02-17 12:00:00,1.7584287,1.7182848453521729
452,2019-02-17 13:00:00,1.75381,1.787692904472351
453,2019-02-17 14:00:00,1.7506301,1.712882161140442
454,2019-02-17 15:00:00,1.7530764,1.7238668203353882
455,2019-02-17 16:00:00,1.7614062,1.7800639867782593
456,2019-02-17 17:00:00,1.7655201,1.7440069913864136
457,2019-02-17 18:00:00,1.7681994,1.7134941816329956
458,2019-02-17 19:00:00,1.7779627,1.7127351760864258
459,2019-02-17 20:00:00,1.7982237,1.762912631034851
460,2019-02-17 21:00:00,1.8333778,1.8008049726486206
461,2019-02-17 22:00:00,1.8684857,1.833021640777588
462,2019-02-17 23:00:00,1.9076264,1.8299741744995117
463,2019-02-18 00:00:00,1.9475217,1.8812615871429443
464,2019-02-18 01:00:00,1.9929361,1.9203839302062988
465,2019-02-18 02:00:00,2.0409324,1.9468109607696533
466,2019-02-18 03:00:00,2.0800643,1.9984434843063354
467,2019-02-18 04:00:00,2.1066942,1.9551475048065186
468,2019-02-18 05:00:00,2.086082,1.991197943687439
469,2019-02-18 06:00:00,2.1125202,2.1035237312316895
470,2019-02-18 07:00:00,2.1281304,2.1565380096435547
471,2019-02-18 08:00:00,2.1387448,2.2144007682800293
472,2019-02-18 09:00:00,2.1443577,2.154691219329834
473,2019-02-18 10:00:00,2.1507626,2.146782159805298
474,2019-02-18 11:00:00,2.1430285,2.0353574752807617
475,2019-02-18 12:00:00,2.1205585,2.0836899280548096
476,2019-02-18 13:00:00,2.0942128,2.1461446285247803
477,2019-02-18 14:00:00,2.0645869,2.214773416519165
478,2019-02-18 15:00:00,2.03853,2.2536392211914062
479,2019-02-18 16:00:00,2.0268724,2.19865083694458
480,2019-02-18 17:00:00,2.1289544,2.0423550605773926
481,2019-02-18 18:00:00,2.1384962,1.9597455263137817
482,2019-02-18 19:00:00,2.1477933,1.8421154022216797
483,2019-02-18 20:00:00,2.1471865,1.8368995189666748
484,2019-02-18 21:00:00,2.162391,1.9169598817825317
485,2019-02-18 22:00:00,2.177665,1.9909493923187256
486,2019-02-18 23:00:00,2.2143712,2.1146299839019775
487,2019-02-19 00:00:00,2.2685544,2.182504892349243
488,2019-02-19 01:00:00,2.3190188,2.166808843612671
489,2019-02-19 02:00:00,2.3298068,2.2981057167053223
490,2019-02-19 03:00:00,2.3058295,2.359869956970215
491,2019-02-19 04:00:00,2.2648036,2.133732795715332
492,2019-02-19 05:00:00,2.2206073,2.222412586212158
493,2019-02-19 06:00:00,2.1866853,2.2386810779571533
494,2019-02-19 07:00:00,2.158347,2.185694456100464
495,2019-02-19 08:00:00,2.123674,2.2614002227783203
496,2019-02-19 09:00:00,2.074111,2.1651723384857178
497,2019-02-19 10:00:00,2.0140986,2.0550341606140137
498,2019-02-19 11:00:00,1.9625885,2.082744598388672
499,2019-02-19 12:00:00,1.917429,2.079888343811035
500,2019-02-19 13:00:00,1.8771391,2.0441577434539795
501,2019-02-19 14:00:00,1.8402679,1.9327480792999268
502,2019-02-19 15:00:00,1.8058376,1.853044033050537
503,2019-02-19 16:00:00,1.7736051,1.7956756353378296
504,2019-02-19 17:00:00,1.7425939,1.7430493831634521
505,2019-02-19 18:00:00,1.7125607,1.708052635192871
506,2019-02-19 19:00:00,1.6832029,1.6952227354049683
507,2019-02-19 20:00:00,1.6543086,1.650707721710205
508,2019-02-19 21:00:00,1.6254921,1.620759129524231
509,2019-02-19 22:00:00,1.5970623,1.6190868616104126
510,2019-02-19 23:00:00,1.5680237,1.6132808923721313
511,2019-02-20 00:00:00,1.5391779,1.592050313949585
512,2019-02-20 01:00:00,1.5102227,1.569622278213501
513,2019-02-20 02:00:00,1.481283,1.5431731939315796
514,2019-02-20 03:00:00,1.452385,1.5043106079101562
515,2019-02-20 04:00:00,1.4245892,1.49673330783844
516,2019-02-20 05:00:00,1.4595532,1.461849570274353
517,2019-02-20 06:00:00,1.4267946,1.4353889226913452
518,2019-02-20 07:00:00,1.3953497,1.3964444398880005
519,2019-02-20 08:00:00,1.366333,1.384742021560669
520,2019-02-20 09:00:00,1.340982,1.3508399724960327
521,2019-02-20 10:00:00,1.3121893,1.314542531967163
522,2019-02-20 11:00:00,1.2840067,1.4238559007644653
523,2019-02-20 12:00:00,1.2559009,1.3562058210372925
524,2019-02-20 13:00:00,1.2287925,1.302275538444519
525,2019-02-20 14:00:00,1.2044675,1.2684712409973145
526,2019-02-20 15:00:00,1.1808872,1.2294567823410034
527,2019-02-20 16:00:00,1.1568179,1.187239646911621
528,2019-02-20 17:00:00,1.1462433,1.15651535987854
529,2019-02-20 18:00:00,1.1222748,1.134718656539917
530,2019-02-20 19:00:00,1.099385,1.1164408922195435
531,2019-02-20 20:00:00,1.0779632,1.1021333932876587
532,2019-02-20 21:00:00,1.0579078,1.0857430696487427
533,2019-02-20 22:00:00,1.0370643,1.0661206245422363
534,2019-02-20 23:00:00,1.0193009,1.0775065422058105
535,2019-02-21 00:00:00,1.0027823,1.0494656562805176
536,2019-02-21 01:00:00,0.9881843,1.032691240310669
537,2019-02-21 02:00:00,0.9756488,1.0366955995559692
538,2019-02-21 03:00:00,0.964084,1.023563265800476
539,2019-02-21 04:00:00,0.95241565,1.0041089057922363
540,2019-02-21 05:00:00,0.94104517,0.981597900390625
541,2019-02-21 06:00:00,0.93096536,0.9696758389472961
542,2019-02-21 07:00:00,0.92298335,0.9641509056091309
543,2019-02-21 08:00:00,0.91974676,0.951504647731781
544,2019-02-21 09:00:00,0.91726404,0.9581150412559509
545,2019-02-21 10:00:00,0.9118724,0.9579023122787476
546,2019-02-21 11:00:00,0.9120226,0.9422324895858765
547,2019-02-21 12:00:00,0.9147536,0.9477981925010681
548,2019-02-21 13:00:00,0.9199582,0.9557547569274902
549,2019-02-21 14:00:00,0.92655295,0.9518513083457947
550,2019-02-21 15:00:00,0.93499315,0.9400954246520996
551,2019-02-21 16:00:00,0.9457322,0.9493635296821594
552,2019-02-21 17:00:00,0.958493,0.9543136358261108
553,2019-02-21 18:00:00,0.9719625,0.9637454152107239
554,2019-02-21 19:00:00,0.98555034,0.9817105531692505
555,2019-02-21 20:00:00,0.99877286,0.995632529258728
556,2019-02-21 21:00:00,0.9501729,1.0286725759506226
557,2019-02-21 22:00:00,0.97135043,1.0818676948547363
558,2019-02-21 23:00:00,1.0067673,1.1170049905776978
559,2019-02-22 00:00:00,1.0453508,1.1634966135025024
560,2019-02-22 01:00:00,1.0736368,1.1361244916915894
561,2019-02-22 02:00:00,1.0893925,1.1472020149230957
562,2019-02-22 03:00:00,1.1010009,1.0749127864837646
563,2019-02-22 04:00:00,1.1078621,1.0948060750961304
564,2019-02-22 05:00:00,1.0676322,1.2058594226837158
565,2019-02-22 06:00:00,1.070184,1.1978029012680054
566,2019-02-22 07:00:00,1.0784209,1.1719579696655273
567,2019-02-22 08:00:00,1.0890529,1.1836113929748535
568,2019-02-22 09:00:00,1.0998762,1.194793701171875
569,2019-02-22 10:00:00,1.1011169,1.1912963390350342
570,2019-02-22 11:00:00,1.1135578,1.134031891822815
571,2019-02-22 12:00:00,1.1180022,1.1632401943206787
572,2019-02-22 13:00:00,1.127821,1.1989600658416748
573,2019-02-22 14:00:00,1.1391366,1.205445408821106
574,2019-02-22 15:00:00,1.1462603,1.2080861330032349
575,2019-02-22 16:00:00,1.1443903,1.1300076246261597
576,2019-02-22 17:00:00,1.114017,1.1306947469711304
577,2019-02-22 18:00:00,1.09934,1.1583294868469238
578,2019-02-22 19:00:00,1.0825975,1.1896605491638184
579,2019-02-22 20:00:00,1.0668764,1.1678352355957031
580,2019-02-22 21:00:00,1.0415791,1.1629562377929688
581,2019-02-22 22:00:00,1.0326383,1.1490912437438965
582,2019-02-22 23:00:00,1.0332217,1.081835150718689
583,2019-02-23 00:00:00,1.043402,1.0516611337661743
584,2019-02-23 01:00:00,1.0630713,1.036725401878357
585,2019-02-23 02:00:00,1.0992589,1.0398526191711426
586,2019-02-23 03:00:00,1.1556108,1.0420737266540527
587,2019-02-23 04:00:00,1.2048354,1.0845344066619873
588,2019-02-23 05:00:00,1.2457004,1.1724765300750732
589,2019-02-23 06:00:00,1.2851875,1.2594327926635742
590,2019-02-23 07:00:00,1.3222501,1.3418705463409424
591,2019-02-23 08:00:00,1.3542851,1.4801081418991089
592,2019-02-23 09:00:00,1.381594,1.3958041667938232
593,2019-02-23 10:00:00,1.4041152,1.3689968585968018
594,2019-02-23 11:00:00,1.4300427,1.4167921543121338
595,2019-02-23 12:00:00,1.455927,1.4135607481002808
596,2019-02-23 13:00:00,1.4812641,1.4203763008117676
597,2019-02-23 14:00:00,1.5054362,1.455425500869751
598,2019-02-23 15:00:00,1.5270973,1.4903290271759033
599,2019-02-23 16:00:00,1.5451136,1.498989224433899
600,2019-02-23 17:00:00,1.5592496,1.499786138534546
601,2019-02-23 18:00:00,1.569284,1.5284837484359741
602,2019-02-23 19:00:00,1.5753905,1.5704118013381958
603,2019-02-23 20:00:00,1.5774722,1.6021246910095215
604,2019-02-23 21:00:00,1.5762573,1.6069304943084717
605,2019-02-23 22:00:00,1.5711182,1.560225486755371
606,2019-02-23 23:00:00,1.564733,1.5687217712402344
607,2019-02-24 00:00:00,1.5574634,1.5733392238616943
608,2019-02-24 01:00:00,1.5549265,1.5734775066375732
609,2019-02-24 02:00:00,1.5690168,1.5828479528427124
610,2019-02-24 03:00:00,1.5975702,1.5913621187210083
611,2019-02-24 04:00:00,1.617592,1.6042524576187134
612,2019-02-24 05:00:00,1.618073,1.5985039472579956
613,2019-02-24 06:00:00,1.6153791,1.6588795185089111
614,2019-02-24 07:00:00,1.6143945,1.753826379776001
615,2019-02-24 08:00:00,1.6197696,1.7966644763946533
616,2019-02-24 09:00:00,1.6357098,1.681264042854309
617,2019-02-24 10:00:00,1.6070838,1.6176038980484009
618,2019-02-24 11:00:00,1.6001337,1.6406567096710205
619,2019-02-24 12:00:00,1.5988555,1.6465349197387695
620,2019-02-24 13:00:00,1.5824765,1.6224732398986816
621,2019-02-24 14:00:00,1.5439359,1.628612995147705
622,2019-02-24 15:00:00,1.4897029,1.6216892004013062
623,2019-02-24 16:00:00,1.4430623,1.5056074857711792
624,2019-02-24 17:00:00,1.4088686,1.5475555658340454
625,2019-02-24 18:00:00,1.3867495,1.5105741024017334
626,2019-02-24 19:00:00,1.3647327,1.4272958040237427
627,2019-02-24 20:00:00,1.3593001,1.3974217176437378
628,2019-02-24 21:00:00,1.375159,1.398189902305603
629,2019-02-24 22:00:00,1.498984,1.346307396888733
630,2019-02-24 23:00:00,1.5358973,1.3157368898391724
631,2019-02-25 00:00:00,1.5360881,1.3231253623962402
632,2019-02-25 01:00:00,1.5161724,1.3800873756408691
633,2019-02-25 02:00:00,1.4651283,1.50106942653656
634,2019-02-25 03:00:00,1.4038746,1.5032583475112915
635,2019-02-25 04:00:00,1.3392205,1.6072903871536255
636,2019-02-25 05:00:00,1.2998905,1.4767541885375977
637,2019-02-25 06:00:00,1.2703382,1.4694586992263794
638,2019-02-25 07:00:00,1.2515306,1.383966326713562
639,2019-02-25 08:00:00,1.2456543,1.3315123319625854
640,2019-02-25 09:00:00,1.2580824,1.3513729572296143
641,2019-02-25 10:00:00,1.24161,1.2457761764526367
642,2019-02-25 11:00:00,1.302578,1.2483667135238647
643,2019-02-25 12:00:00,1.3918513,1.2518057823181152
644,2019-02-25 13:00:00,1.5048573,1.273636817932129
645,2019-02-25 14:00:00,1.637821,1.3828668594360352
646,2019-02-25 15:00:00,1.7857249,1.4769396781921387
647,2019-02-25 16:00:00,1.9375544,1.447634220123291
648,2019-02-25 17:00:00,2.0774198,1.5978928804397583
649,2019-02-25 18:00:00,2.2059739,2.07444167137146
650,2019-02-25 19:00:00,2.3207989,2.293429374694824
651,2019-02-25 20:00:00,2.4173174,2.42102313041687
652,2019-02-25 21:00:00,2.4534478,2.3549962043762207
653,2019-02-25 22:00:00,2.5217452,2.507092237472534
654,2019-02-25 23:00:00,2.5895193,2.658607006072998
655,2019-02-26 00:00:00,2.649078,2.7151849269866943
656,2019-02-26 01:00:00,2.682537,2.7488043308258057
657,2019-02-26 02:00:00,2.6987376,2.706798791885376
658,2019-02-26 03:00:00,2.7114098,2.5105016231536865
659,2019-02-26 04:00:00,2.7235382,2.5097508430480957
660,2019-02-26 05:00:00,2.7263877,2.753588914871216
661,2019-02-26 06:00:00,2.7220845,2.786404848098755
662,2019-02-26 07:00:00,2.7175245,2.8289382457733154
663,2019-02-26 08:00:00,2.710129,2.7441816329956055
664,2019-02-26 09:00:00,2.698581,2.747635841369629
665,2019-02-26 10:00:00,2.6852357,2.7564597129821777
666,2019-02-26 11:00:00,2.6718261,2.737830877304077
667,2019-02-26 12:00:00,2.6539512,2.740448474884033
668,2019-02-26 13:00:00,2.6314895,2.716616630554199
669,2019-02-26 14:00:00,2.606588,2.687116861343384
670,2019-02-26 15:00:00,2.5804646,2.668205738067627
671,2019-02-26 16:00:00,2.5558062,2.637453317642212
672,2019-02-26 17:00:00,2.5645957,2.5940823554992676
673,2019-02-26 18:00:00,2.5228555,2.5125772953033447
674,2019-02-26 19:00:00,2.5003889,2.503448486328125
675,2019-02-26 20:00:00,2.4913712,2.488408327102661
676,2019-02-26 21:00:00,2.4929597,2.488469123840332
677,2019-02-26 22:00:00,2.499001,2.4747154712677
678,2019-02-26 23:00:00,2.516061,2.4838814735412598
679,2019-02-27 00:00:00,2.5439935,2.4843785762786865
680,2019-02-27 01:00:00,2.5785894,2.4780080318450928
681,2019-02-27 02:00:00,2.6109564,2.488727331161499
682,2019-02-27 03:00:00,2.6376977,2.511795997619629
683,2019-02-27 04:00:00,2.688867,2.5242457389831543
684,2019-02-27 05:00:00,2.7029302,2.5750343799591064
685,2019-02-27 06:00:00,2.7098289,2.66642165184021
686,2019-02-27 07:00:00,2.7079892,2.7278425693511963
687,2019-02-27 08:00:00,2.6964808,2.715888261795044
688,2019-02-27 09:00:00,2.6771173,2.6534509658813477
689,2019-02-27 10:00:00,2.6525009,2.7162084579467773
690,2019-02-27 11:00:00,2.6234918,2.6980087757110596
691,2019-02-27 12:00:00,2.5898046,2.6525628566741943
692,2019-02-27 13:00:00,2.55198,2.6138861179351807
693,2019-02-27 14:00:00,2.5098472,2.568681478500366
694,2019-02-27 15:00:00,2.4660501,2.5310685634613037
695,2019-02-27 16:00:00,2.421873,2.5112314224243164
696,2019-02-27 17:00:00,2.3847733,2.4633049964904785
697,2019-02-27 18:00:00,2.35035,2.4290108680725098
698,2019-02-27 19:00:00,2.31763,2.431016683578491
699,2019-02-27 20:00:00,2.2863855,2.362168073654175
700,2019-02-27 21:00:00,2.257809,2.2816178798675537
701,2019-02-27 22:00:00,2.2304785,2.213301658630371
702,2019-02-27 23:00:00,2.2057877,2.1721107959747314
703,2019-02-28 00:00:00,2.1828256,2.1697299480438232
704,2019-02-28 01:00:00,2.161846,2.1527318954467773
705,2019-02-28 02:00:00,2.1425717,2.156115770339966
706,2019-02-28 03:00:00,2.1252544,2.1803202629089355
707,2019-02-28 04:00:00,2.1106315,2.2111284732818604
708,2019-02-28 05:00:00,2.09795,2.167879343032837
709,2019-02-28 06:00:00,2.0874617,2.137824296951294
710,2019-02-28 07:00:00,2.079649,2.1153390407562256
711,2019-02-28 08:00:00,2.0738847,2.0882225036621094
712,2019-02-28 09:00:00,2.0699928,2.073054313659668
713,2019-02-28 10:00:00,2.119577,2.0757901668548584
714,2019-02-28 11:00:00,2.1022708,2.076246976852417
715,2019-02-28 12:00:00,2.0860205,2.0501110553741455
716,2019-02-28 13:00:00,2.068302,2.0615475177764893
717,2019-02-28 14:00:00,2.0480704,2.0716052055358887
718,2019-02-28 15:00:00,2.025809,2.080420732498169
719,2019-02-28 16:00:00,2.0029397,2.1941356658935547
720,2019-02-28 17:00:00,1.979977,2.1628942489624023
721,2019-02-28 18:00:00,1.9564403,2.071810245513916
722,2019-02-28 19:00:00,1.9366477,1.9974459409713745
723,2019-02-28 20:00:00,1.9185185,1.9350297451019287
724,2019-02-28 21:00:00,2.002709,1.9000595808029175
725,2019-02-28 22:00:00,1.9893253,1.874402642250061
726,2019-02-28 23:00:00,1.9756029,1.8484363555908203
